a52dec,0.7.4-11
aalib,1.4rc5-14
accounts-qml-module,0.7-3
accountsservice,0.6.55-3
acl,2.2.53-3
acpilight,1.2-2
adwaita-icon-theme,3.38.0-1
alacritty,0.6.0-1
alsa-card-profiles,14.0-1
alsa-lib,1.2.4-3
alsa-plugins,1:1.2.2-2
alsa-topology-conf,1.2.4-2
alsa-ucm-conf,1.2.4-2
alsa-utils,1.2.4-2
aom,2.0.1-1
apparmor,3.0.1-1
appstream,0.13.1-1
appstream-qt,0.13.1-1
arch-wiki-docs,20200527-1
archlinux-appstream-data,20201223-1
archlinux-keyring,20201210-1
argon2,20190702-3
asar,3.0.3-1
asio,1.18.0-1
aspell,0.60.8-2
at-spi2-atk,2.38.0-1
at-spi2-core,2.38.0-1
atk,2.36.0-1
atkmm,2.28.1-1
atool,0.39.0-7
attica,5.78.0-1
attr,2.4.48-3
audit,2.8.5-9
autoconf,2.70-1
autoconf-archive,1:2019.01.06-4
automake,1.16.2-3
avahi,0.8+15+ge8a3dd0-3
awesome,4.3-2
baloo,5.78.0-1
base,2-2
bash,5.1.004-1
bc,1.07.1-4
binutils,2.35.1-1
bison,3.7.2-1
bluedevil,1:5.20.5-1
bluez,5.55-1
bluez-libs,5.55-1
bluez-qt,5.78.0-1
bluez-utils,5.55-1
bolt,0.9.1-1
boost,1.75.0-2
boost-libs,1.75.0-2
brave-bin,1:1.18.70-1
breeze,5.20.5-1
breeze-gtk,5.20.5-1
breeze-icons,5.78.0-1
brotli,1.0.9-4
btrfs-progs,5.9-3
bzip2,1.0.8-4
c-ares,1.17.1-1
ca-certificates,20181109-4
ca-certificates-mozilla,3.60.1-1
ca-certificates-utils,20181109-4
cabal-install,3.2.0.0-143
cairo,1.17.4-3
cairo-perl,1.107-2
cairomm,1.12.2-4
cantarell-fonts,1:0.301-1
ccls,0.20201219-1
cdparanoia,10.2-8
check,0.15.2-2
cifs-utils,6.11-3
clang,11.0.0-4
clucene,2.3.3.4-11
cmake,3.19.2-1
colord,1.4.5-1
compiler-rt,11.0.0-1
confuse,3.3-3
convertlit,1.8-10
coreutils,8.32-1
cpio,2.13-2
cryptsetup,2.3.4-1
curl,7.74.0-1
dav1d,0.7.1-1
db,5.3.28-5
dbus,1.12.20-1
dbus-glib,0.110-2
dconf,0.38.0-1
deadbeef,1.8.4-1
desktop-file-utils,0.26-1
device-mapper,2.02.187-3
dhcpcd,9.4.0-1
diffutils,3.7-3
discord_arch_electron,0.0.13-1
discount,2.2.7-1
discover,5.20.5-1
dkms,2.8.4-1
dmenu,5.0-1
dmraid,1.0.0.rc16.3-12
dnssec-anchors,20190629-3
docbook-xml,4.5-9
docbook-xsl,1.79.2-7
dosfstools,4.1-3
double-conversion,3.1.5-2
drkonqi,5.20.5-1
dropbox,111.4.472-1
dunst,1.5.0-1
dwm-distrotube-git,6.2.r14.897a867-1
e2fsprogs,1.45.6-3
ebook-tools,0.2.2-7
editorconfig-core-c,0.12.4-1
efibootmgr,17-2
efivar,37-4
egl-wayland,1.1.6-1
eglexternalplatform,1.1-2
electron,11.1.1-1
elfutils,0.182-1
elinks,0.14.0-1
emacs,27.1-3
enca,1.19-4
exiv2,0.27.3-1
expac,10-2
expat,2.2.10-2
faac,1.30-2
faad2,2.10.0-1
fakeroot,1.25.3-1
fd,8.2.1-1
feh,3.6.2-1
ffmpeg,2:4.3.1-3
fftw,3.3.9-1
file,5.39-1
filelight,20.12.1-1
filesystem,2020.09.03-1
findutils,4.7.0-2
flac,1.3.3-2
flameshot,0.8.5-1
flex,2.6.4-3
fontconfig,2:2.13.91+48+gfcb0420-2
frameworkintegration,5.78.0-1
freetype2,2.10.4-1
frei0r-plugins,1.7.0-1
fribidi,1.0.10-1
fuse-common,3.10.1-1
fuse2,2.9.9-4
fuse3,3.10.1-1
fzf,0.25.0-1
gavl,1.4.0-4
gawk,5.1.0-1
gc,8.0.4-4
gcc,10.2.0-4
gcc-libs,10.2.0-4
gconf,3.2.6+11+g07808097-9
gcr,3.38-1
gd,2.3.0-1
gdb,10.1-4
gdb-common,10.1-4
gdbm,1.19-1
gdk-pixbuf2,2.42.2-1
gendesk,1.0.6-1
gettext,0.21-1
ghc,8.10.3-1
ghc-libs,8.10.3-1
giblib,1.2.4-8
giflib,5.2.1-2
girara,0.3.5-1
git,2.30.0-1
glib-networking,2.66.0-1
glib-perl,1.329.3-1
glib2,2.66.4-1
glib2-docs,2.66.4-1
glibc,2.32-5
glibmm,2.64.5-1
glslang,11.1.0-1
glu,9.0.1-2
gmp,6.2.1-1
gnome-common,3.18.0-4
gnome-keyring,1:3.36.0-3
gnu-free-fonts,20120503-8
gnupg,2.2.25-1
gnuplot,5.4.1-1
gnutls,3.7.0-1
go,2:1.15.6-1
go-tools,2:1.15+4895+c1934b75d-2
gobject-introspection,1.66.1-3
gobject-introspection-runtime,1.66.1-3
gpgme,1.15.0-2
gpm,1.20.7.r38.ge82d1a6-3
gptfdisk,1.0.5-1
graphene,1.10.2-1
graphite,1:1.3.14-1
grep,3.6-1
groff,1.22.4-3
grub,2:2.04-8
grub-customizer,5.1.0-2
gsettings-desktop-schemas,3.38.0-1
gsl,2.6-2
gsm,1.0.19-1
gst-libav,1.18.2-1
gst-plugins-base,1.18.2-1
gst-plugins-base-libs,1.18.2-1
gst-plugins-good,1.18.2-1
gst-plugins-ugly,1.18.2-1
gstreamer,1.18.2-1
gtk-doc,1.33.1-1
gtk-update-icon-cache,1:3.24.24-1
gtk2,2.24.33-1
gtk2-perl,1.24993-2
gtk3,1:3.24.24-1
gtkimageview,1.6.4-7
gtkmm,1:2.24.5-4
gtkmm3,3.24.3-1
guile,2.2.6-2
gumbo-parser,0.10.1-2
gvfs,1.46.2-1
gzip,1.10-3
harfbuzz,2.7.4-1
harfbuzz-icu,2.7.4-1
harmony-player,0.9.1-1
haskell-adjunctions,4.4-195
haskell-aeson,1.5.5.1-3
haskell-alsa-core,0.5.0.1-13
haskell-alsa-mixer,0.3.0-69
haskell-annotated-wl-pprint,0.7.0-21
haskell-ansi-terminal,0.11-48
haskell-ansi-wl-pprint,0.6.9-108
haskell-asn1-encoding,0.9.6-74
haskell-asn1-parse,0.9.5-74
haskell-asn1-types,0.3.4-53
haskell-assoc,1.0.2-43
haskell-async,2.2.2-71
haskell-attoparsec,0.13.2.4-52
haskell-attoparsec-iso8601,1.0.2.0-4
haskell-auto-update,0.1.6-118
haskell-base-compat,0.11.2-3
haskell-base-compat-batteries,0.11.2-41
haskell-base-orphans,0.8.4-31
haskell-base16-bytestring,1.0.1.0-12
haskell-base64-bytestring,1.2.0.1-19
haskell-basement,0.0.11-9
haskell-bifunctors,5.5.9-6
haskell-blaze-builder,0.4.1.0-15
haskell-blaze-html,0.9.1.2-73
haskell-blaze-markup,0.8.2.7-43
haskell-byteable,0.1.1-21
haskell-call-stack,0.2.0-83
haskell-casa-client,0.0.1-180
haskell-casa-types,0.0.2-25
haskell-case-insensitive,1.2.1.0-55
haskell-cereal,0.5.8.1-8
haskell-clock,0.8-8
haskell-cmdargs,0.10.20-15
haskell-colour,2.3.5-106
haskell-comonad,5.0.8-8
haskell-conduit,1.3.4-20
haskell-conduit-extra,1.3.5-87
haskell-connection,0.3.1-83
haskell-constraints,0.12-53
haskell-contravariant,1.5.3-1
haskell-cookie,0.4.5-8
haskell-cpphs,1.20.9.1-6
haskell-cryptohash-sha256,0.11.101.0-34
haskell-cryptonite,0.27-48
haskell-cryptonite-conduit,0.2.2-334
haskell-data-default,0.7.1.1-103
haskell-data-default-class,0.1.2.0-20
haskell-data-default-instances-containers,0.0.1-32
haskell-data-default-instances-dlist,0.0.1-116
haskell-data-default-instances-old-locale,0.0.1-32
haskell-data-fix,0.3.0-43
haskell-dbus,1.2.17-8
haskell-diff,0.4.0-8
haskell-digest,0.0.1.2-21
haskell-distributive,0.6.2.1-9
haskell-dlist,1.0-39
haskell-easy-file,0.2.2-15
haskell-echo,0.1.3-18
haskell-ed25519,0.0.5.0-20
haskell-edit-distance,0.2.2.1-59
haskell-either,5.0.1.1-112
haskell-enclosed-exceptions,1.0.3-102
haskell-erf,2.0.0.0-20
haskell-extensible-exceptions,0.1.1.4-32
haskell-extra,1.7.9-14
haskell-fast-logger,3.0.2-32
haskell-file-embed,0.0.13.0-2
haskell-filelock,0.1.1.5-44
haskell-filepattern,0.1.2-81
haskell-filtrable,0.1.6.0-35
haskell-free,5.1.5-16
haskell-fsnotify,0.3.0.1-158
haskell-generic-deriving,1.14-28
haskell-ghc-lib-parser-ex,8.10.0.17-14
haskell-githash,0.1.5.0-49
haskell-glob,0.10.1-44
haskell-hackage-security,0.6.0.1-148
haskell-hashable,1.3.0.0-67
haskell-hi-file-parser,0.1.0.0-95
haskell-hinotify,0.4.1-23
haskell-hourglass,0.2.12-98
haskell-hpack,0.34.3-21
haskell-hscolour,1.24.4-17
haskell-http,4000.3.15-73
haskell-http-api-data,0.4.3-1
haskell-http-client,0.7.3-37
haskell-http-client-tls,0.3.5.3-359
haskell-http-conduit,2.3.7.4-29
haskell-http-download,0.2.0.0-194
haskell-http-types,0.12.3-117
haskell-indexed-traversable,0.1.1-2
haskell-infer-license,0.2.0-99
haskell-integer-logarithms,1.0.3.1-2
haskell-invariant,0.5.4-28
haskell-kan-extensions,5.2.1-35
haskell-lens,4.19.2-64
haskell-libmpd,0.9.3.0-6
haskell-libyaml,0.1.2-93
haskell-lifted-async,0.10.1.2-81
haskell-lifted-base,0.2.3.12-116
haskell-lukko,0.1.1.2-55
haskell-megaparsec,9.0.1-14
haskell-memory,0.15.0-65
haskell-microlens,0.4.12.0-1
haskell-microlens-mtl,0.2.0.1-11
haskell-microlens-th,0.4.3.9-1
haskell-mime-types,0.1.0.9-10
haskell-mintty,0.1.2-14
haskell-monad-control,1.0.2.3-116
haskell-monad-logger,0.3.36-22
haskell-monad-loops,0.4.3-21
haskell-mono-traversable,1.0.15.1-91
haskell-mustache,2.3.1-244
haskell-neat-interpolation,0.5.1.2-60
haskell-netlink,1.1.1.0-6
haskell-network,3.1.2.1-17
haskell-network-uri,2.6.3.0-219
haskell-old-locale,1.0.0.7-26
haskell-old-time,1.1.0.3-26
haskell-only,0.1-18
haskell-open-browser,0.2.1.0-22
haskell-optparse-applicative,0.16.1.0-36
haskell-optparse-generic,1.4.4-20
haskell-optparse-simple,0.1.1.3-87
haskell-pantry,0.5.1.4-55
haskell-parallel,3.2.2.0-13
haskell-parsec-numbers,0.1.0-14
haskell-parser-combinators,1.2.1-8
haskell-path,0.8.0-77
haskell-path-io,1.6.2-33
haskell-path-pieces,0.2.1-26
haskell-pem,0.2.4-130
haskell-persistent,2.11.0.2-24
haskell-persistent-sqlite,2.11.0.0-43
haskell-persistent-template,2.9.1.0-38
haskell-polyparse,1.13-7
haskell-pretty-hex,1.1-5
haskell-primitive,0.7.1.0-60
haskell-profunctors,5.6.1-1
haskell-project-template,0.2.1.0-63
haskell-quickcheck,2.14.2-59
haskell-random,1.2.0-105
haskell-refact,0.3.0.2-21
haskell-reflection,2.1.6-48
haskell-regex-applicative,0.3.4-45
haskell-regex-applicative-text,0.1.0.1-65
haskell-regex-base,0.94.0.0-7
haskell-regex-compat,0.95.2.0-7
haskell-regex-posix,0.96.0.0-7
haskell-regex-tdfa,1.3.1.0-7
haskell-resolv,0.1.2.0-52
haskell-resource-pool,0.2.3.2-145
haskell-resourcet,1.2.4.2-47
haskell-retry,0.8.1.2-67
haskell-rio,0.1.19.0-34
haskell-rio-orphans,0.1.1.0-210
haskell-rio-prettyprint,0.1.1.0-64
haskell-safe,0.3.19-4
haskell-safe-exceptions,0.1.7.1-37
haskell-scientific,0.3.6.2-69
haskell-semigroupoids,5.3.4-79
haskell-setlocale,1.0.0.9-8
haskell-shelly,1.9.0-32
haskell-silently,1.2.5.1-9
haskell-socks,0.6.1-75
haskell-split,0.2.3.4-97
haskell-splitmix,0.1.0.3-36
haskell-statevar,1.2.1-1
haskell-stm-chans,3.0.0.4-23
haskell-streaming-commons,0.2.2.1-44
haskell-strict,0.4.0.1-17
haskell-syb,0.7.1-8
haskell-system-filepath,0.4.14-98
haskell-tagged,0.8.6.1-1
haskell-tar,0.5.1.1-24
haskell-tar-conduit,0.3.2-150
haskell-temporary,1.3-174
haskell-text-metrics,0.3.0-101
haskell-th-abstraction,0.4.2.0-1
haskell-th-expand-syns,0.4.6.0-5
haskell-th-lift,0.8.2-6
haskell-th-lift-instances,0.1.18-17
haskell-th-reify-many,0.1.9-14
haskell-these,1.1.1.1-44
haskell-time-compat,1.9.5-17
haskell-timezone-olson,0.2.0-2
haskell-timezone-series,0.1.9-8
haskell-tls,1.5.4-63
haskell-transformers-base,0.4.5.2-114
haskell-transformers-compat,0.6.6-2
haskell-type-equality,1-8
haskell-typed-process,0.2.6.0-79
haskell-unicode-transforms,0.3.7.1-27
haskell-uniplate,1.6.13-20
haskell-unix-compat,0.5.2-8
haskell-unix-time,0.4.7-80
haskell-unliftio,0.2.13.1-48
haskell-unliftio-core,0.2.0.1-5
haskell-unordered-containers,0.2.13.0-27
haskell-utf8-string,1.0.2-2
haskell-uuid-types,1.0.3-74
haskell-vector,0.12.1.2-101
haskell-vector-algorithms,0.8.0.4-17
haskell-void,0.7.3-55
haskell-x11,1.9.2-37
haskell-x11-xft,0.3.1-124
haskell-x509,1.7.5-108
haskell-x509-store,1.6.7-107
haskell-x509-system,1.6.6-175
haskell-x509-validation,1.6.11-107
haskell-xml-conduit,1.9.0.0-94
haskell-xml-types,0.3.8-4
haskell-yaml,0.11.5.0-61
haskell-zip-archive,0.4.1-82
haskell-zlib,0.6.2.2-4
hicolor-icon-theme,0.17-2
hidapi,0.10.1-1
hlint,3.2.5-2
htop,3.0.4-1
http-parser,2.9.4-1
hunspell,1.7.0-3
hwids,20200813.1-1
hwloc,2.2.0-1
hyphen,2.8.8-3
i3-wm,4.19-1
iana-etc,20201229-1
ibus,1.5.23+3+gaa558de8-2
icu,68.2-1
imagemagick,7.0.10.57-1
imlib2,1.7.1-1
intltool,0.51.0-6
iproute2,5.10.0-2
iptables,1:1.8.6-1
iputils,20200821-1
ipython,7.19.0-4
iso-codes,4.5.0-1
itstool,1:2.0.6-2
jack,0.125.0-9
jansson,2.13.1-1
jasper,2.0.19-1
java-environment-common,3-3
java-runtime-common,3-3
jbig2dec,0.19-1
jdk8-openjdk,8.u275-1
jre8-openjdk,8.u275-1
jre8-openjdk-headless,8.u275-1
js78,78.6.0-1
json-c,0.15-1
json-glib,1.6.0-1
jsoncpp,1.9.4-1
jupyter,4.6.3-1
jupyter-nbclient,0.5.1-1
jupyter-nbconvert,6.0.7-2
jupyter-nbformat,5.0.8-1
jupyter-notebook,6.1.6-1
jupyter-widgetsnbextension,1:3.5.1-3
jupyter_console,6.2.0-3
jupyterlab_pygments,0.1.2-2
kaccounts-integration,20.12.1-1
kactivities,5.78.0-1
kactivities-stats,5.78.0-1
kactivitymanagerd,5.20.5-1
karchive,5.78.0-1
kauth,5.78.0-1
kbd,2.3.0-2
kbookmarks,5.78.0-1
kcmutils,5.78.0-1
kcodecs,5.78.0-1
kcompletion,5.78.0-1
kconfig,5.78.0-1
kconfigwidgets,5.78.0-1
kcontacts,1:5.78.0-1
kcoreaddons,5.78.0-1
kcrash,5.78.0-1
kdbusaddons,5.78.0-1
kde-cli-tools,5.20.5-1
kde-gtk-config,5.20.5-2
kdeclarative,5.78.0-1
kdeconnect,20.12.1-1
kdecoration,5.20.5-1
kded,5.78.0-1
kdelibs4support,5.78.0-1
kdenlive,20.12.1-1
kdeplasma-addons,5.20.5-1
kdesu,5.78.0-1
keepassxc,2.6.2-1
keeweb,1.16.5-1
kemoticons,5.78.0-1
keyutils,1.6.3-1
kfilemetadata,5.78.0-1
kgamma5,5.20.5-1
kglobalaccel,5.78.0-1
kguiaddons,5.78.0-1
kholidays,1:5.78.0-1
khotkeys,5.20.5-1
ki18n,5.78.0-1
kiconthemes,5.78.0-1
kidletime,5.78.0-1
kinfocenter,5.20.5-1
kinit,5.78.0-1
kio,5.78.0-2
kirigami2,5.78.0-1
kitemmodels,5.78.0-1
kitemviews,5.78.0-1
kjobwidgets,5.78.0-1
kmenuedit,5.20.5-1
kmod,28-1
knewstuff,5.78.0-1
knotifications,5.78.0-1
knotifyconfig,5.78.0-1
kpackage,5.78.0-1
kparts,5.78.0-1
kpeople,5.78.0-1
kpeoplevcard,0.1-1
kpty,5.78.0-1
kquickcharts,5.78.0-1
krb5,1.18.2-1
krita,4.4.1-8
krunner,5.78.0-1
kscreen,5.20.5-1
kscreenlocker,5.20.5-1
kservice,5.78.0-1
ksshaskpass,5.20.5-1
ksysguard,5.20.5-1
ktexteditor,5.78.0-1
ktextwidgets,5.78.0-1
kunitconversion,5.78.0-1
kuserfeedback,1.0.0-1
kwallet,5.78.0-1
kwallet-pam,5.20.5-1
kwayland,5.78.0-1
kwayland-integration,5.20.5-1
kwayland-server,5.20.5-1
kwidgetsaddons,5.78.0-1
kwin,5.20.5-1
kwindowsystem,5.78.0-1
kwrited,5.20.5-1
kxmlgui,5.78.0-1
l-smash,2.14.5-2
lame,3.100-3
lcms2,2.11-2
ldb,1:2.2.0-3
ldns,1.7.1-2
less,563-1
lhasa,0.3.1-3
libabw,0.1.3-2
libaccounts-glib,1.25-3
libaccounts-qt,1.16-2
libaio,0.3.112-2
libarchive,3.5.1-1
libass,0.15.0-2
libassuan,2.5.4-1
libasyncns,0.8+3+g68cd5af-3
libatasmart,0.19-5
libatomic_ops,7.6.10-2
libavc1394,0.5.4-4
libblockdev,2.24-3
libbluray,1.2.1-1
libbs2b,3.1.0-7
libbsd,0.10.0-2
libbytesize,2.4-3
libcaca,0.99.beta19-3
libcanberra,0.30+2+gc0620e4-3
libcanberra-pulse,0.30+2+gc0620e4-3
libcap,2.45-2
libcap-ng,0.8.2-1
libcddb,1.3.2-6
libcdio,2.1.0-2
libcdio-paranoia,10.2+2.0.1-2
libcdr,0.1.6-3
libcerf,1:1.14-1
libcloudproviders,0.3.1-2
libcmis,0.5.2-6
libcroco,0.6.13-2
libcups,1:2.3.3op1-1
libcurl-gnutls,7.74.0-1
libdaemon,0.14-5
libdatrie,0.2.12-2
libdbusmenu-qt5,0.9.3+16.04.20160218-5
libdca,0.0.7-1
libdmtx,0.7.5-2
libdrm,2.4.103-2
libdv,1.0.0-9
libdvbpsi,1:1.3.3-2
libdvdnav,6.1.0-2
libdvdread,6.1.1-1
libe-book,0.1.3-8
libebml,1.4.1-1
libebur128,1.2.4-3
libedit,20191231_3.1-2
libelf,0.182-1
libepoxy,1.5.5-1
libepubgen,0.1.1-2
libetonyek,0.1.9-2
libev,4.33-1
libevdev,1.10.0-2
libevent,2.1.12-1
libexif,0.6.22-1
libexttextcat,3.4.5-2
libfakekey,0.3-2
libfdk-aac,2.0.1-2
libffi,3.3-4
libfishsound,1.0.0-4
libfm,1.3.1-2
libfm-extra,1.3.1-2
libfm-gtk2,1.3.1-2
libfontenc,1.1.4-3
libfreehand,0.1.2-3
libftdi,1.5-1
libgcrypt,1.8.7-1
libgit2,1:1.1.0-1
libglade,2.6.4-7
libglvnd,1.3.2-1
libgnome-keyring,3.12.0+13+g4f8ab73-3
libgpg-error,1.41-1
libgudev,234-1
libgusb,0.3.5-1
libibus,1.5.23+3+gaa558de8-2
libical,3.0.8-3
libice,1.0.10-3
libid3tag,0.15.1b-11
libidl2,0.8.14-6
libidn,1.36-1
libidn2,2.3.0-1
libiec61883,1.2.0-6
libimobiledevice,1.3.0-3
libinput,1.16.4-1
libixion,0.16.1-5
libjpeg-turbo,2.0.6-1
libksba,1.4.0-2
libkscreen,5.20.5-1
libksysguard,5.20.5-1
liblangtag,0.6.3-2
libldac,2.0.2.3-1
libldap,2.4.56-1
liblqr,0.4.2-3
libluv,1.36.0-1
libmad,0.15.1b-9
libmatroska,1.6.2-1
libmbim,1.24.4-1
libmediainfo,20.08-1
libmfx,20.5.1-1
libmicrohttpd,0.9.72-1
libmm-glib,1.14.8-1
libmms,0.6.4-3
libmng,2.0.3-3
libmnl,1.0.4-3
libmodplug,0.8.9.0-3
libmpc,1.2.1-1
libmpcdec,1:0.1+r475-3
libmpdclient,2.19-3
libmpeg2,0.5.1-7
libmspub,0.1.4-9
libmwaw,0.3.17-1
libndp,1.7-2
libnetfilter_conntrack,1.0.8-1
libnewt,0.52.21-5
libnfnetlink,1.0.1-4
libnftnl,1.1.8-1
libnghttp2,1.41.0-1
libnl,3.5.0-2
libnm,1.28.1dev+7+g3f5df3cdc6-1
libnotify,0.7.9-1
libnsl,1.3.0-1
libnumbertext,1.0.6-1
libodfgen,0.1.7-2
libogg,1.3.4-2
liboggz,1.1.1-7
libomxil-bellagio,0.9.3-3
libopenaptx,0.2.0-1
liborcus,0.16.1-5
libotf,0.9.16-3
libp11-kit,0.23.22-1
libpagemaker,0.0.4-2
libpaper,1.1.28-1
libpcap,1.9.1-4
libpciaccess,0.16-2
libpgm,5.3.128-1
libpipeline,1.5.3-1
libplacebo,2.72.2-1
libplist,2.2.0-3
libpng,1.6.37-3
libproxy,0.4.17-1
libpsl,0.21.1-1
libpulse,14.0-1
libqaccessibilityclient,0.4.1-2
libqalculate,3.16.1-1
libqmi,1.26.6-1
libqxp,0.0.2-5
libraqm,0.7.1-1
libraw,0.20.2-1
libraw1394,2.1.2-3
libreoffice-fresh,7.0.4-3
librevenge,0.0.4-3
librsvg,2:2.50.2-1
libsamplerate,0.1.9-3
libsasl,2.1.27-3
libsass,3.6.4-1
libseccomp,2.5.1-2
libsecret,0.20.4-1
libshout,1:2.4.4-1
libsidplay,1.36.59-10
libsigc++,2.10.6-1
libsigsegv,2.12-2
libsm,1.2.3-2
libsndfile,1.0.28-3
libsodium,1.0.18-2
libsoup,2.72.0+5+g0b094bff-3
libsoxr,0.1.3-2
libspotify,12.1.51-7
libssh,0.9.5-1
libssh2,1.9.0-2
libstaroffice,0.0.7-1
libstemmer,0+713-2
libsynctex,2020.54586-9
libtar,1.2.20-5
libtasn1,4.16.0-1
libteam,1.31-2
libtermkey,0.22-2
libthai,0.1.28-2
libtheora,1.1.1-5
libtiff,4.1.0-2
libtirpc,1.3.1-1
libtommath,1.2.0-3
libtool,2.4.6+42+gb88cebd5-14
libunique,1.1.6-8
libunistring,0.9.10-3
libunwind,1.3.1-2
libupnp,1.14.0-1
libusb,1.0.23-3
libusb-compat,0.1.7-1
libusbmuxd,2.0.2-1
libutempter,1.2.1-1
libuv,1.40.0-1
libva,2.10.0-1
libvdpau,1.4-1
libvisio,0.1.7-4
libvisual,0.4.0-8
libvorbis,1.3.7-2
libvpx,1.9.0-1
libvterm,0.1.3.git1.65dbda-1
libwacom,1.7-1
libwebp,1.1.0-1
libwnck,2.31.0-3
libwpd,0.10.3-2
libwpg,0.3.3-2
libwps,0.4.12-1
libx11,1.7.0-3
libxau,1.0.9-3
libxaw,1.0.13-3
libxcb,1.14-1
libxcomposite,0.4.5-3
libxcrypt,4.4.17-1
libxcursor,1.2.0-2
libxdamage,1.1.5-3
libxdg-basedir,1.2.0-5
libxdmcp,1.1.3-3
libxext,1.3.4-3
libxfixes,5.0.3-4
libxfont2,2.0.4-3
libxft-bgra-git,2.3.3.r112.dcd637d-1
libxi,1.7.10-3
libxinerama,1.1.4-3
libxkbcommon,1.0.3-1
libxkbcommon-x11,1.0.3-1
libxkbfile,1.1.0-2
libxml2,2.9.10-8
libxmu,1.1.3-2
libxpm,3.5.13-2
libxrandr,1.5.2-3
libxrender,0.9.10-4
libxres,1.2.0-2
libxshmfence,1.3-2
libxslt,1.1.34-5
libxss,1.2.3-3
libxt,1.2.0-2
libxtst,1.2.3-4
libxv,1.0.11-4
libxvmc,1.0.12-3
libxxf86vm,1.1.4-4
libyaml,0.2.5-1
libzen,0.4.38-2
libzip,1.7.3-1
libzmf,0.0.2-9
licenses,20200427-1
linux,5.10.5.arch1-1
linux-api-headers,5.8-1
linux-firmware,20201218.646f159-1
linux-headers,5.10.5.arch1-1
lirc,1:0.10.1-8
llvm-libs,11.0.0-4
lm_sensors,3.6.0-2
lmdb,0.9.27-1
log4c,1.2.4-2
lpsolve,5.5.2.5-4
lua,5.4.2-1
lua51,5.1.5-9
lua52,5.2.4-5
lua53,5.3.6-1
lua53-lgi,0.9.2-3
luajit,2.0.5-3
luit,20201003-1
lvm2,2.02.187-3
lxappearance-gtk3,0.6.3-4
lxmenu-data,0.1.5-3
lz4,1:1.9.3-1
lzo,2.10-3
m17n-db,1.8.0-3
m17n-lib,1.8.0-8
m4,1.4.18-3
make,4.3-3
mallard-ducktype,1.0.2-6
man-db,2.9.3-1
mathjax2,2.7.9-1
mbedtls,2.25.0-1
md4c,0.4.7-1
mdadm,4.1-2
media-player-info,24-2
mediainfo,20.08-1
menu-cache,1.1.0-2
mesa,20.3.2-2
meson,0.56.1-1
milou,5.20.5-1
minizip,1:1.2.11-4
mkinitcpio,29-1
mkinitcpio-busybox,1.32.1-1
mlt,6.24.0-1
mobile-broadband-provider-info,20201225-1
modemmanager,1.14.8-1
modemmanager-qt,5.78.0-1
mpfr,4.1.0-1
mpg123,1.26.3-2
mplayer,38157-3
msgpack-c,3.3.0-2
mtdev,1.1.6-1
ncurses,6.2-1
ndctl,71.1-1
neofetch,7.1.0-2
neon,0.31.2-1
neovim,0.4.4-1
nettle,3.7-1
networkmanager,1.28.1dev+7+g3f5df3cdc6-1
networkmanager-qt,5.78.0-1
ninja,1.10.2-1
nitrogen,1.6.1-3
node-gyp,7.1.1-1
nodejs,15.5.1-1
noto-fonts,20201226-1
noto-fonts-emoji,20200916-1
noto-fonts-extra,20201226-1
npm,6.14.11-1
npth,1.6-2
nspr,4.29-1
nss,3.60.1-1
ntp,4.2.8.p15-1
nvidia,460.32.03-1
nvidia-utils,460.32.03-1
obs-studio,26.1.0-2
obs-v4l2sink,0.1.0-19
obs-websocket,4.8.0-1
odt2txt,0.5-4
openal,1.21.0-1
opencore-amr,0.1.5-5
openexr,2.5.4-1
openjpeg2,2.4.0-1
openmpi,4.0.5-2
openssh,8.4p1-2
openssl,1.1.1.i-2
openssl-1.0,1.0.2.u-1
opus,1.3.1-2
opusfile,0.12-1
orc,0.4.32-1
os-prober,1.77-2
oxygen,5.20.5-1
p11-kit,0.23.22-1
p7zip,17.03-1
pacman,5.2.2-1
pacman-mirrorlist,20210110-1
pam,1.5.0-2
pambase,20200721.1-2
pamixer,1.4-5
pango,1:1.48.0-1
pango-perl,1.227-13
pangomm,2.42.2-1
parted,3.3-2
patch,2.7.6-8
pavucontrol,1:4.0-2
pciutils,3.7.0-1
pcmanfm,1.3.1-2
pcre,8.44-1
pcre2,10.36-1
perl,5.32.0-3
perl-cgi,4.51-1
perl-clone,0.45-2
perl-encode-locale,1.05-7
perl-error,0.17029-2
perl-extutils-depends,0.8000-4
perl-extutils-pkgconfig,1.16-7
perl-file-basedir,0.08-5
perl-file-copy-recursive,0.45-3
perl-file-listing,6.14-1
perl-file-slurp-tiny,0.004-6
perl-file-which,1.23-4
perl-html-form,6.03-7
perl-html-parser,3.75-1
perl-html-tagset,3.20-10
perl-http-cookies,6.10-1
perl-http-daemon,6.06-2
perl-http-date,6.05-3
perl-http-message,6.27-1
perl-http-negotiate,6.01-8
perl-http-response-encoding,0.06-6
perl-http-server-simple,0.52-2
perl-io-html,1.004-1
perl-ipc-system-simple,1.30-2
perl-json,2.97001-2
perl-libwww,6.52-1
perl-locale-gettext,1.07-10
perl-lwp-mediatypes,6.02-8
perl-mailtools,2.21-4
perl-net-dbus,1.2.0-2
perl-net-http,6.20-1
perl-proc-processtable,0.59-2
perl-proc-simple,1.32-6
perl-sort-naturally,1.03-6
perl-sub-uplevel,0.2800-4
perl-test-needs,0.002006-3
perl-test-pod,1.52-5
perl-test-warn,0.36-2
perl-text-iconv,1.7-19
perl-timedate,2.33-2
perl-tree-dag-node,1.31-2
perl-try-tiny,0.30-5
perl-uri,5.05-1
perl-www-mechanize,1.96-1
perl-www-robotrules,6.02-8
perl-x11-protocol,0.56-11
perl-xml-namespacesupport,1.12-4
perl-xml-parser,2.46-2
perl-xml-sax,1.02-1
perl-xml-sax-base,1.09-4
perl-xml-sax-expat,0.51-7
perl-xml-simple,2.25-5
perl-xml-twig,3.52-7
phonon-qt5,4.11.1-2
phonon-qt5-gstreamer,4.10.0-2
pinentry,1.1.0-5
pipewire,0.3.19-1
pixman,0.40.0-1
pkgconf,1.7.3-1
plasma-browser-integration,5.20.5-1
plasma-desktop,5.20.5-2
plasma-disks,5.20.5-1
plasma-framework,5.78.0-1
plasma-integration,5.20.5-1
plasma-nm,5.20.5-1
plasma-pa,5.20.5-1
plasma-sdk,5.20.5-1
plasma-thunderbolt,5.20.5-1
plasma-vault,5.20.5-1
plasma-workspace,5.20.5-2
plasma-workspace-wallpapers,5.20.5-1
polkit,0.118-1
polkit-kde-agent,5.20.5-1
polkit-qt5,0.113.0-2
polybar,3.5.3-1
poppler,21.01.0-1
poppler-glib,21.01.0-1
poppler-qt5,21.01.0-1
popt,1.18-1
postgresql,13.1-3
postgresql-libs,13.1-3
potrace,1.16-2
powerdevil,5.20.5-1
ppp,2.4.7-7
prison,5.78.0-1
procps-ng,3.3.16-2
protobuf,3.12.4-3
psmisc,23.3-4
pulseaudio,14.0-1
pulseaudio-alsa,1:1.2.2-2
pulseaudio-bluetooth,14.0-1
pulseaudio-equalizer,14.0-1
pulseaudio-qt,1.2-2
purpose,5.78.0-1
python,3.9.1-1
python-anytree,2.8.0-3
python-appdirs,1.4.4-3
python-argon2_cffi,20.1.0-3
python-asn1crypto,1.4.0-3
python-async_generator,1.10-5
python-attrs,20.3.0-3
python-babel,2.9.0-1
python-backcall,0.2.0-3
python-beaker,1.11.0-6
python-beautifulsoup4,4.9.3-3
python-bleach,3.2.1-3
python-cachecontrol,0.12.6-3
python-cairocffi,1.2.0-3
python-casttube,0.2.1-2
python-cffi,1.14.4-1
python-chardet,3.0.4-7
python-colorama,0.4.4-3
python-contextlib2,0.6.0.post1-3
python-cryptography,3.3.1-1
python-dateutil,2.8.1-5
python-dbus,1.2.16-3
python-dbus-common,1.2.16-3
python-decorator,4.4.2-3
python-defusedxml,0.6.0-6
python-distlib,0.3.1-2
python-distro,1.5.0-3
python-dnspython,1:1.16.0-3
python-docutils,0.16-4
python-entrypoints,0.3-5
python-eventlet,0.29.1-1
python-filelock,3.0.12-5
python-fuzzywuzzy,0.18.0-3
python-gmusicapi,13.0.0-1
python-gobject,3.38.0-3
python-gpsoauth,0.4.2rc.2-1
python-greenlet,0.4.17-3
python-html5lib,1.1-5
python-httplib2,0.18.1-4
python-idna,2.10-3
python-ifaddr,0.1.7-3
python-imagesize,1.2.0-4
python-importlib-metadata,3.3.0-1
python-ipykernel,5.4.2-1
python-ipywidgets,7.6.2-1
python-jedi,0.17.2-3
python-jinja,2.11.2-4
python-joblib,0.16.0-3
python-jsonschema,3.2.0-4
python-jupyter_client,6.1.7-3
python-jupyter_core,4.6.3-4
python-levenshtein,0.12.0-10
python-lxml,4.6.2-1
python-mako,1.1.3-3
python-markdown,3.3.3-2
python-markupsafe,1.1.1-6
python-mechanicalsoup,0.12.0-1
python-mistune,0.8.4-5
python-mock,3.0.5-5
python-monotonic,1.5-6
python-msgpack,1.0.2-2
python-mutagen,1.45.1-3
python-nest_asyncio,1.4.3-2
python-netifaces,0.10.9-6
python-oauth2client,4.1.3-6
python-ordered-set,4.0.2-3
python-packaging,20.8-2
python-pafy,0.5.5-3
python-pandocfilters,1.4.3-3
python-parso,1:0.7.1-3
python-pbr,5.5.1-3
python-pep517,0.9.1-3
python-pexpect,4.8.0-3
python-pickleshare,0.7.5-5
python-pip,20.2.4-1
python-plexapi,4.2.0-2
python-ply,3.11-7
python-proboscis,1.2.6.0-2
python-progress,1.5-5
python-prometheus_client,0.9.0-1
python-prompt_toolkit,3.0.10-1
python-protobuf,3.12.4-3
python-ptyprocess,0.6.0-6
python-pyasn1,0.4.8-4
python-pyasn1-modules,0.2.8-3
python-pychromecast-git,464.ad0f5da-1
python-pycparser,2.20-3
python-pycryptodomex,3.9.9-1
python-pygments,2.7.3-1
python-pyopenssl,20.0.1-1
python-pyparsing,2.4.7-3
python-pypeg2,2.15.2-7
python-pyqt5,5.15.2-3
python-pyqt5-sip,12.8.1-3
python-pyqt5-webengine,5.15.2-1
python-pyrsistent,0.17.3-3
python-pytz,2020.5-1
python-pyzmq,20.0.0-1
python-requests,2.25.1-1
python-resolvelib,0.5.4-1
python-retrying,1.3.3-9
python-rsa,4.6-3
python-send2trash,1.5.0-6
python-setuptools,1:51.1.2-1
python-six,1.15.0-3
python-snowballstemmer,2.0.0-6
python-soundcloud-git,r111.d77f6e5-1
python-soupsieve,2.1.0-1
python-sphinx,3.4.3-1
python-sphinx-alabaster-theme,0.7.12-6
python-sphinxcontrib-applehelp,1.0.2-3
python-sphinxcontrib-devhelp,1.0.2-3
python-sphinxcontrib-htmlhelp,1.0.3-3
python-sphinxcontrib-jsmath,1.0.1-6
python-sphinxcontrib-qthelp,1.0.3-3
python-sphinxcontrib-serializinghtml,1.1.4-3
python-spotipy,2.16.1-2
python-terminado,0.9.1-3
python-testpath,0.4.4-3
python-toml,0.10.2-3
python-tornado,6.1.0-3
python-tqdm,4.55.2-1
python-traitlets,5.0.5-1
python-urllib3,1.26.1-1
python-validictory,1.1.2-2
python-virtualenv,20.2.2-1
python-wcwidth,0.2.5-3
python-webencodings,0.5.1-6
python-websocket-client,0.57.0-3
python-xcffib,0.11.1-1
python-yaml,5.3.1-4
python-zeroconf,0.28.6-3
python-zipp,3.4.0-3
python2,2.7.18-2
python2-appdirs,1.4.4-3
python2-dbus,1.2.16-3
python2-gobject,3.36.1-3
python2-gobject2,2.28.7-6
python2-ordered-set,3.1.1-3
python2-packaging,20.8-2
python2-pyparsing,2.4.7-3
python2-setuptools,2:44.1.1-1
python2-six,1.15.0-3
qca,2.3.1-4
qqc2-desktop-style,5.78.0-1
qrencode,4.1.1-1
qt5-base,5.15.2-2
qt5-declarative,5.15.2-1
qt5-graphicaleffects,5.15.2-1
qt5-location,5.15.2-2
qt5-multimedia,5.15.2-1
qt5-quickcontrols,5.15.2-1
qt5-quickcontrols2,5.15.2-1
qt5-script,5.15.2-1
qt5-sensors,5.15.2-1
qt5-speech,5.15.2-1
qt5-svg,5.15.2-1
qt5-tools,5.15.2-1
qt5-wayland,5.15.2-1
qt5-webchannel,5.15.2-1
qt5-webengine,5.15.2-3
qt5-webkit,5.212.0alpha4-9
qt5-x11extras,5.15.2-1
qtile,0.16.1-2
quazip,1.1-1
qutebrowser,1.14.1-1
ranger,1.9.3-3
rapidjson,1.1.0-5
raptor,2.0.15-15
rasqal,1:0.9.33-4
rav1e,0.3.5-1
re2,1:20201101-1
readline,8.1.0-2
recode,3.7.8-1
redland,1:1.0.17-8
reflector,2021-1
rest,0.8.1-3
rhash,1.4.0-1
ripgrep,12.1.1-1
rofi,1.6.1-1
rsync,3.2.3-3
rtkit,0.13-1
rtmpdump,1:2.4.r96.fa8646d-6
rttr,0.9.6-3
run-parts,4.8.6.1-2
samurai,1.2-1
sbc,1.5-1
scrot,1.4-1
sddm,0.19.0-3
sddm-kcm,5.20.5-1
sdl,1.2.15-14
sdl2,2.0.14-1
sed,4.8-1
semver,7.3.4-1
shaderc,2020.3-1
shadow,4.8.1-4
shared-mime-info,2.0+57+gc1d1c70-1
shellcheck,0.7.1-241
signon-kwallet-extension,20.12.1-1
signon-plugin-oauth2,0.25-1
signon-ui,0.17+20171022-2
signond,8.60-3
slang,2.3.2-2
smartmontools,7.2-1
smbclient,4.13.3-2
snapd,2.48.2-1
snappy,1.1.8-2
socat,1.7.3.4-2
solid,5.78.0-1
sonnet,5.78.0-1
sound-theme-freedesktop,0.8-4
source-highlight,3.1.9-4
speedcrunch,0.12.0-3
speex,1.2.0-3
speexdsp,1.2.0-2
spirv-tools,2020.4-1
spotify,1:1.1.42.622-2
sqlite,3.34.0-1
squashfs-tools,4.4-2
srt,1.4.2-1
st-distrotube-git,0.8.4.r6.4c60228-1
stack,2.5.1-81
startup-notification,0.12-7
sudo,1.9.4.p2-2
swi-prolog,8.2.3-1
syncthing,1.12.1-1
syntax-highlighting,5.78.0-1
sysfsutils,2.1.0-11
systemd,247.2-1
systemd-libs,247.2-1
systemd-sysvcompat,247.2-1
systemsettings,5.20.5-1
t1lib,5.1.2-8
taglib,1.11.1-4
talloc,2.3.1-5
tar,1.32-3
tcl,8.6.11-1
tdb,1.4.3-4
teams,1.3.00.30857-1
tevent,1:0.10.2-3
texinfo,6.7-3
texlive-bibtexextra,2020.56991-1
texlive-bin,2020.54586-9
texlive-core,2020.57066-1
texlive-fontsextra,2020.57042-1
texlive-formatsextra,2020.56699-1
texlive-games,2020.56833-1
texlive-humanities,2020.57034-1
texlive-langcyrillic,2020.56674-1
texlive-latexextra,2020.57067-1
texlive-music,2020.56473-1
texlive-pictures,2020.57065-1
texlive-pstricks,2020.56758-1
texlive-publishers,2020.57058-1
texlive-science,2020.57068-1
thin-provisioning-tools,0.9.0-1
threadweaver,5.78.0-1
tk,8.6.11-1
tracker3,3.0.2-2
tre,0.8.0-6
tslib,1.22-1
ttf-croscore,20201226-1
ttf-fira-mono,2:3.206-4
ttf-fira-sans,1:4.301-2
ttf-google-fonts-git,1:r2157.f8e4417f-1
ttf-hack,3.003-3
ttf-inconsolata,1:3.000-2
ttf-joypixels,6.0.0-1
ttf-merriweather,1:2.005-3
ttf-merriweather-sans,1.008-3
ttf-opensans,1.101-2
ttf-oswald,4.101-3
ttf-quintessential,1.001-6
ttf-roboto,2.138-4
ttf-signika,1.002-4
ttf-twemoji-color,13.0.1-1
ttf-ubuntu-font-family,0.83-6
twolame,0.4.0-2
tzdata,2020f-1
udisks2,2.9.1-1
uim,1.8.8-5
unace,2.5-11
unibilium,2.1.0-2
unrar,1:6.0.3-1
unzip,6.0-14
upower,0.99.11-3
usbmuxd,1.1.1-1
util-linux,2.36.1-4
util-linux-libs,2.36.1-4
v4l-utils,1.20.0-1
v4l2loopback-dkms,0.12.5-1
vi,1:070224-4
viber,13.3.1.22-1
vid.stab,1.1-3
vim,8.2.1989-3
vim-runtime,8.2.1989-3
virtualbox,6.1.16-4
virtualbox-host-modules-arch,6.1.16-21
vlc,3.0.11.1-6
vmaf,1.5.3-1
volume_key,0.3.12-5
vtop,0.6.1-1
vulkan-icd-loader,1.2.162-1
w3m,0.5.3.git20200507-2
wavpack,5.3.0-1
wayland,1.18.0-2
wayland-protocols,1.20-1
webrtc-audio-processing,0.3.1-2
websocketpp,0.8.2-1
weechat,3.0-2
wget,1.20.3-3
which,2.21-5
wikiman,2.12.1-1
woff2,1.0.2-3
wpa_supplicant,2:2.9-7
wxgtk-common,3.0.5.1-1
wxgtk3,3.0.5.1-1
x264,3:0.160.r3011.cde9a93-1
x265,3.4-1
xbitmaps,1.1.2-2
xcape,1.2-4
xcb-proto,1.14.1-3
xcb-util,0.4.0-3
xcb-util-cursor,0.1.3-3
xcb-util-image,0.4.0-3
xcb-util-keysyms,0.4.0-3
xcb-util-renderutil,0.3.9-3
xcb-util-wm,0.4.1-3
xcb-util-xrm,1.3-2
xclip,0.13-3
xdg-desktop-portal-kde,5.20.5-1
xdg-utils,1.1.3+19+g9816ebb-1
xf86-input-libinput,0.30.0-1
xf86-video-amdgpu,19.1.0-2
xf86-video-nouveau,1.0.16-2
xf86-video-vesa,2.5.0-1
xfsprogs,5.8.0-2
xkeyboard-config,2.31-1
xmlsec,1.2.31-1
xmobar,0.36-76
xmonad,0.15-91
xmonad-contrib,0.16-71
xmonad-utils,0.1.3.3-97
xorg-bdftopcf,1.1-2
xorg-docs,1.7.1-3
xorg-font-util,1.3.2-2
xorg-fonts-100dpi,1.0.3-7
xorg-fonts-75dpi,1.0.3-7
xorg-fonts-alias-100dpi,1.0.4-1
xorg-fonts-alias-75dpi,1.0.4-1
xorg-fonts-encodings,1.0.5-2
xorg-iceauth,1.0.8-2
xorg-mkfontscale,1.2.1-2
xorg-server,1.20.10-3
xorg-server-common,1.20.10-3
xorg-server-devel,1.20.10-3
xorg-server-xephyr,1.20.10-3
xorg-server-xnest,1.20.10-3
xorg-server-xvfb,1.20.10-3
xorg-sessreg,1.1.2-2
xorg-setxkbmap,1.3.2-2
xorg-smproxy,1.0.6-3
xorg-util-macros,1.19.2-2
xorg-x11perf,1.6.1-2
xorg-xauth,1.1-2
xorg-xcmsdb,1.0.5-3
xorg-xcursorgen,1.0.7-2
xorg-xdpyinfo,1.3.2-4
xorg-xdriinfo,1.0.6-2
xorg-xev,1.2.4-1
xorg-xgamma,1.0.6-3
xorg-xhost,1.0.8-2
xorg-xinit,1.4.1-3
xorg-xinput,1.6.3-2
xorg-xkbcomp,1.4.4-1
xorg-xkbevd,1.1.4-3
xorg-xkbutils,1.0.4-4
xorg-xkill,1.0.5-2
xorg-xlsatoms,1.1.3-2
xorg-xlsclients,1.1.4-2
xorg-xmessage,1.0.5-2
xorg-xmodmap,1.0.10-2
xorg-xpr,1.0.5-2
xorg-xprop,1.2.5-1
xorg-xrandr,1.5.1-2
xorg-xrdb,1.2.0-2
xorg-xrefresh,1.0.6-2
xorg-xset,1.2.4-2
xorg-xsetroot,1.1.2-2
xorg-xvinfo,1.1.4-2
xorg-xwayland,1.20.0.r800.ge4a9f0bb4-1
xorg-xwd,1.0.7-2
xorg-xwininfo,1.1.5-2
xorg-xwud,1.0.5-2
xorgproto,2020.1-1
xterm,363-1
xvidcore,1.3.7-2
xxhash,0.8.0-1
xz,5.2.5-1
yajl,2.1.0-4
yay-git,10.1.2.r0.g7d849a8-1
yelp-tools,3.38.0-1
yelp-xsl,3.38.2-1
youtube-dl,2021.01.03-1
yubico-c,1.13-6
yubico-c-client,2.15-5
yubikey-personalization,1.20.0-3
zathura,0.4.7-1
zathura-pdf-mupdf,0.3.6-4
zeromq,4.3.3-2
zip,3.0-9
zita-alsa-pcmi,0.3.2-3
zita-resampler,1.8.0-1
zlib,1:1.2.11-4
zoom,5.4.56259.1207-1
zsh,5.8-1
zsh-theme-powerlevel10k,1.13.0-1
zstd,1.4.5-1
zziplib,0.13.72-1